{"cameraMode":{"drawMode":0,"name":"Shaded","section":"Shading Mode"},"sceneLighting":true,"audioPlay":false,"sceneViewState":{"m_AlwaysRefresh":false,"showFog":true,"showSkybox":true,"showFlares":true,"showImageEffects":true,"showParticleSystems":true,"showVisualEffectGraphs":true,"m_FxEnabled":true},"in2DMode":false,"pivot":{"x":11.767711639404297,"y":11.138213157653809,"z":-2.302785634994507},"rotation":{"x":-0.005306093953549862,"y":0.9945157170295715,"z":-0.0825447142124176,"w":-0.06393510848283768},"size":9.939373016357422,"orthographic":false}