{"cameraMode":{"drawMode":0,"name":"Shaded","section":"Shading Mode"},"sceneLighting":false,"audioPlay":false,"sceneViewState":{"m_AlwaysRefresh":false,"showFog":true,"showSkybox":false,"showFlares":true,"showImageEffects":true,"showParticleSystems":true,"showVisualEffectGraphs":true,"m_FxEnabled":true},"in2DMode":false,"pivot":{"x":3.9637234210968019,"y":0.7524018287658691,"z":9.890000343322754},"rotation":{"x":-0.02844625525176525,"y":0.9594870805740356,"z":-0.2596789002418518,"w":-0.10520128905773163},"size":0.5196152925491333,"orthographic":false}